[
    {
        "id": 1,
        "author": "Mahad Akbar",
        "authorAvatar": "https://muhammad-awab.github.io/socialmediapp/images/profile-pic.png",
        "time": "Sun, 9 Mar 2025 4:00 PM",
        "content": "Please subscribe @Octapia Youtube Channel, Facebook Page and Group. Let us grow up. Thanks. #Octapia #WebDesign",
        "image": "https://muhammad-awab.github.io/socialmediapp/images/feed-image-1.png",
        "comments": "50",
        "likes": "100",
        "shares": "10"
    }
]