[
    
    {
        "id": 5,
        "author": "Muhammad Awais",
        "authorAvatar": "https://encrypted-tbn0.gstatic.com/images?q=tbn:ANd9GcTMh3TSq7RzA1ioI7Sj-43Sen_tDnhnftN7Lg&s",
        "time": "Tue, 11 Mar 2025 8:00 PM",
        "content": "Please subscribe @Octapia youtube channel, facebook page and group. let us grow up. Thanks. #Octapia #MongoDB",
        "image": "https://muhammad-awab.github.io/socialmediapp/images/feed-image-5.png",
        "comments": "70",
        "likes": "300",
        "shares": "50"
    }
]