[
    {
        "id": 3,
        "author": "Awab Ahmad",
        "authorAvatar": "https://plus.unsplash.com/premium_photo-1689568126014-06fea9d5d341?fm=jpg&q=60&w=3000&ixlib=rb-4.0.3&ixid=M3wxMjA3fDB8MHxzZWFyY2h8MXx8cHJvZmlsZXxlbnwwfHwwfHx8MA%3D%3D",
        "time": "Sat, 8 Mar 2025 5:00 PM",
        "content": "Please subscribe @Octapia youtube channel, facebook page and group. let us grow up. Thanks. #Octapia #ReactFrontend",
        "image": "https://muhammad-awab.github.io/socialmediapp/images/feed-image-3.png",
        "comments": "40",
        "likes": "150",
        "shares": "30"
    }
]