[
    {
        "id": 4,
        "author": "Rehan Akhtar",
        "authorAvatar": "https://encrypted-tbn0.gstatic.com/images?q=tbn:ANd9GcQrKxfjTf49GAtu0PpFXK7mKBgqyJ5MfJCgQw&s",
        "time": "Mon, 10 Mar 2025 7:00 PM",
        "content": "Please subscribe @Octapia youtube channel, facebook page and group. let us grow up. Thanks. #Octapia #NodeBackend",
        "image": "https://muhammad-awab.github.io/socialmediapp/images/feed-image-4.png",
        "comments": "60",
        "likes": "250",
        "shares": "40"
    }
]